INSERT INTO Province (province_code,province_name) values ('1','Hà Nội');
INSERT INTO Province (province_code,province_name) values ('2','TP. Hồ Chí Minh');
INSERT INTO Province (province_code,province_name) values ('3','Hải Phòng');
INSERT INTO Province (province_code,province_name) values ('4','Đà Nẵng');
INSERT INTO Province (province_code,province_name) values ('5','Hà Giang');
INSERT INTO Province (province_code,province_name) values ('6','Cao Bằng');
INSERT INTO Province (province_code,province_name) values ('7','Lai Châu');
INSERT INTO Province (province_code,province_name) values ('8','Lào Cai');
INSERT INTO Province (province_code,province_name) values ('9','Tuyên Quang');
INSERT INTO Province (province_code,province_name) values ('10','Lạng Sơn');
INSERT INTO Province (province_code,province_name) values ('11','Bắc Kạn');
INSERT INTO Province (province_code,province_name) values ('12','Thái Nguyên');
INSERT INTO Province (province_code,province_name) values ('13','Yên Bái');
INSERT INTO Province (province_code,province_name) values ('14','Sơn La');
INSERT INTO Province (province_code,province_name) values ('15','Phú Thọ');
INSERT INTO Province (province_code,province_name) values ('16','Vĩnh Phúc');
INSERT INTO Province (province_code,province_name) values ('17','Quảng Ninh');
INSERT INTO Province (province_code,province_name) values ('18','Bắc Giang');
INSERT INTO Province (province_code,province_name) values ('19','Bắc Ninh');
INSERT INTO Province (province_code,province_name) values ('21','Hải Dương');
INSERT INTO Province (province_code,province_name) values ('22','Hưng Yên');
INSERT INTO Province (province_code,province_name) values ('23','Hoà Bình');
INSERT INTO Province (province_code,province_name) values ('24','Hà Nam');
INSERT INTO Province (province_code,province_name) values ('25','Nam Định');
INSERT INTO Province (province_code,province_name) values ('26','Thái Bình');
INSERT INTO Province (province_code,province_name) values ('27','Ninh Bình');
INSERT INTO Province (province_code,province_name) values ('28','Thanh Hoá');
INSERT INTO Province (province_code,province_name) values ('29','Nghệ An');
INSERT INTO Province (province_code,province_name) values ('30','Hà Tĩnh');
INSERT INTO Province (province_code,province_name) values ('31','Quảng Bình');
INSERT INTO Province (province_code,province_name) values ('32','Quảng Trị');
INSERT INTO Province (province_code,province_name) values ('33','Thừa Thiên -Huế');
INSERT INTO Province (province_code,province_name) values ('34','Quảng Nam');
INSERT INTO Province (province_code,province_name) values ('35','Quảng Ngãi');
INSERT INTO Province (province_code,province_name) values ('36','Kon Tum');
INSERT INTO Province (province_code,province_name) values ('37','Bình Định');
INSERT INTO Province (province_code,province_name) values ('38','Gia Lai');
INSERT INTO Province (province_code,province_name) values ('39','Phú Yên');
INSERT INTO Province (province_code,province_name) values ('40','Đắk Lắk');
INSERT INTO Province (province_code,province_name) values ('41','Khánh Hoà');
INSERT INTO Province (province_code,province_name) values ('42','Lâm Đồng');
INSERT INTO Province (province_code,province_name) values ('43','Bình Phước');
INSERT INTO Province (province_code,province_name) values ('44','Bình Dương');
INSERT INTO Province (province_code,province_name) values ('45','Ninh Thuận');
INSERT INTO Province (province_code,province_name) values ('46','Tây Ninh');
INSERT INTO Province (province_code,province_name) values ('47','Bình Thuận');
INSERT INTO Province (province_code,province_name) values ('48','Đồng Nai');
INSERT INTO Province (province_code,province_name) values ('49','Long An');
INSERT INTO Province (province_code,province_name) values ('50','Đồng Tháp');
INSERT INTO Province (province_code,province_name) values ('51','An Giang');
INSERT INTO Province (province_code,province_name) values ('52','Bà Rịa-Vũng Tàu');
INSERT INTO Province (province_code,province_name) values ('53','Tiền Giang');
INSERT INTO Province (province_code,province_name) values ('54','Kiên Giang');
INSERT INTO Province (province_code,province_name) values ('55','Cần Thơ');
INSERT INTO Province (province_code,province_name) values ('56','Bến Tre');
INSERT INTO Province (province_code,province_name) values ('57','Vĩnh Long');
INSERT INTO Province (province_code,province_name) values ('58','Trà Vinh');
INSERT INTO Province (province_code,province_name) values ('59','Sóc Trăng');
INSERT INTO Province (province_code,province_name) values ('60','Bạc Liêu');
INSERT INTO Province (province_code,province_name) values ('61','Cà Mau');
INSERT INTO Province (province_code,province_name) values ('62','Điện Biên');
INSERT INTO Province (province_code,province_name) values ('63','Đăk Nông');
INSERT INTO Province (province_code,province_name) values ('64','Hậu Giang');

INSERT INTO Block_info (block_id,block_name) values ('A00','Khối A00 (Toán, Lý, Hóa)');
INSERT INTO Block_info (block_id,block_name) values ('A01','Khối A01 (Toán, Lý, Anh)');
INSERT INTO Block_info (block_id,block_name) values ('B00','Khối B00 (Toán, Hóa, Sinh)');
INSERT INTO Block_info (block_id,block_name) values ('C00','Khối C00 (Ngữ Văn, Lịch Sử, Địa Lý)');
INSERT INTO Block_info (block_id,block_name) values ('D01','Khối D01 (Toán, Ngữ Văn, Anh)');

INSERT INTO Subject_info (subject_id,subject_name) values ('Toan','Toán');
INSERT INTO Subject_info (subject_id,subject_name) values ('Ly','Vật Lý');
INSERT INTO Subject_info (subject_id,subject_name) values ('Hoa','Hóa Học');
INSERT INTO Subject_info (subject_id,subject_name) values ('Anh','Tiếng Anh');
INSERT INTO Subject_info (subject_id,subject_name) values ('Sinh','Sinh Học');
INSERT INTO Subject_info (subject_id,subject_name) values ('Van','Ngữ Văn');
INSERT INTO Subject_info (subject_id,subject_name) values ('Su','Lịch Sử');
INSERT INTO Subject_info (subject_id,subject_name) values ('Dia','Địa Lý');
INSERT INTO Subject_info (subject_id,subject_name) values ('GDCD','Giáo dục Công dân');

INSERT INTO Block_Subject (block_id,subject_id) values ('A00','Toan');
INSERT INTO Block_Subject (block_id,subject_id) values ('A00','Ly');
INSERT INTO Block_Subject (block_id,subject_id) values ('A00','Hoa');
INSERT INTO Block_Subject (block_id,subject_id) values ('A01','Toan');
INSERT INTO Block_Subject (block_id,subject_id) values ('A01','Ly');
INSERT INTO Block_Subject (block_id,subject_id) values ('A01','Anh');
INSERT INTO Block_Subject (block_id,subject_id) values ('B00','Toan');
INSERT INTO Block_Subject (block_id,subject_id) values ('B00','Hoa');
INSERT INTO Block_Subject (block_id,subject_id) values ('B00','Sinh');
INSERT INTO Block_Subject (block_id,subject_id) values ('C00','Van');
INSERT INTO Block_Subject (block_id,subject_id) values ('C00','Su');
INSERT INTO Block_Subject (block_id,subject_id) values ('C00','Dia');
INSERT INTO Block_Subject (block_id,subject_id) values ('D01','Toan');
INSERT INTO Block_Subject (block_id,subject_id) values ('D01','Van');
INSERT INTO Block_Subject (block_id,subject_id) values ('D01','Anh');
