INSERT INTO economic_region (er_code,region) values ('1','Thành phố trực thuộc trung ương');
INSERT INTO economic_region (er_code,region) values ('2','Đồng bằng sông Hồng');
INSERT INTO economic_region (er_code,region) values ('3','Trung du miền núi phía Bắc');
INSERT INTO economic_region (er_code,region) values ('4','Đồng bằng duyên hải miền Trung');
INSERT INTO economic_region (er_code,region) values ('5','Tây Nguyên');
INSERT INTO economic_region (er_code,region) values ('6','Đông Nam Bộ');
INSERT INTO economic_region (er_code,region) values ('7','Đồng bằng sông Cửu Long');

INSERT INTO Province (province_code,province_name,er_code) values ('1','Hà Nội','1');
INSERT INTO Province (province_code,province_name,er_code) values ('2','TP. Hồ Chí Minh','3');
INSERT INTO Province (province_code,province_name,er_code) values ('3','Hải Phòng','3');
INSERT INTO Province (province_code,province_name,er_code) values ('4','Đà Nẵng','3');
INSERT INTO Province (province_code,province_name,er_code) values ('5','Hà Giang','3');
INSERT INTO Province (province_code,province_name,er_code) values ('6','Cao Bằng','3');
INSERT INTO Province (province_code,province_name,er_code) values ('7','Lai Châu','3');
INSERT INTO Province (province_code,province_name,er_code) values ('8','Lào Cai','2');
INSERT INTO Province (province_code,province_name,er_code) values ('9','Tuyên Quang','2');
INSERT INTO Province (province_code,province_name,er_code) values ('10','Lạng Sơn','3');
INSERT INTO Province (province_code,province_name,er_code) values ('11','Bắc Kạn','2');
INSERT INTO Province (province_code,province_name,er_code) values ('12','Thái Nguyên','1');
INSERT INTO Province (province_code,province_name,er_code) values ('13','Yên Bái','2');
INSERT INTO Province (province_code,province_name,er_code) values ('14','Sơn La','2');
INSERT INTO Province (province_code,province_name,er_code) values ('15','Phú Thọ','3');
INSERT INTO Province (province_code,province_name,er_code) values ('16','Vĩnh Phúc','2');
INSERT INTO Province (province_code,province_name,er_code) values ('17','Quảng Ninh','2');
INSERT INTO Province (province_code,province_name,er_code) values ('18','Bắc Giang','2');
INSERT INTO Province (province_code,province_name,er_code) values ('19','Bắc Ninh','2');
INSERT INTO Province (province_code,province_name,er_code) values ('21','Hải Dương','4');
INSERT INTO Province (province_code,province_name,er_code) values ('22','Hưng Yên','4');
INSERT INTO Province (province_code,province_name,er_code) values ('23','Hoà Bình','1');
INSERT INTO Province (province_code,province_name,er_code) values ('24','Hà Nam','4');
INSERT INTO Province (province_code,province_name,er_code) values ('25','Nam Định','4');
INSERT INTO Province (province_code,province_name,er_code) values ('26','Thái Bình','4');
INSERT INTO Province (province_code,province_name,er_code) values ('27','Ninh Bình','4');
INSERT INTO Province (province_code,province_name,er_code) values ('28','Thanh Hoá','4');
INSERT INTO Province (province_code,province_name,er_code) values ('29','Nghệ An','4');
INSERT INTO Province (province_code,province_name,er_code) values ('30','Hà Tĩnh','5');
INSERT INTO Province (province_code,province_name,er_code) values ('31','Quảng Bình','4');
INSERT INTO Province (province_code,province_name,er_code) values ('32','Quảng Trị','5');
INSERT INTO Province (province_code,province_name,er_code) values ('33','Thừa Thiên -Huế','4');
INSERT INTO Province (province_code,province_name,er_code) values ('34','Quảng Nam','1');
INSERT INTO Province (province_code,province_name,er_code) values ('35','Quảng Ngãi','5');
INSERT INTO Province (province_code,province_name,er_code) values ('36','Kon Tum','4');
INSERT INTO Province (province_code,province_name,er_code) values ('37','Bình Định','5');
INSERT INTO Province (province_code,province_name,er_code) values ('38','Gia Lai','6');
INSERT INTO Province (province_code,province_name,er_code) values ('39','Phú Yên','6');
INSERT INTO Province (province_code,province_name,er_code) values ('40','Đắk Lắk','4');
INSERT INTO Province (province_code,province_name,er_code) values ('41','Khánh Hoà','6');
INSERT INTO Province (province_code,province_name,er_code) values ('42','Lâm Đồng','4');
INSERT INTO Province (province_code,province_name,er_code) values ('43','Bình Phước','6');
INSERT INTO Province (province_code,province_name,er_code) values ('44','Bình Dương','7');
INSERT INTO Province (province_code,province_name,er_code) values ('45','Ninh Thuận','3');
INSERT INTO Province (province_code,province_name,er_code) values ('46','Tây Ninh','7');
INSERT INTO Province (province_code,province_name,er_code) values ('47','Bình Thuận','7');
INSERT INTO Province (province_code,province_name,er_code) values ('48','Đồng Nai','6');
INSERT INTO Province (province_code,province_name,er_code) values ('49','Long An','7');
INSERT INTO Province (province_code,province_name,er_code) values ('50','Đồng Tháp','7');
INSERT INTO Province (province_code,province_name,er_code) values ('51','An Giang','1');
INSERT INTO Province (province_code,province_name,er_code) values ('52','Bà Rịa-Vũng Tàu','7');
INSERT INTO Province (province_code,province_name,er_code) values ('53','Tiền Giang','7');
INSERT INTO Province (province_code,province_name,er_code) values ('54','Kiên Giang','7');
INSERT INTO Province (province_code,province_name,er_code) values ('55','Cần Thơ','7');
INSERT INTO Province (province_code,province_name,er_code) values ('56','Bến Tre','3');
INSERT INTO Province (province_code,province_name,er_code) values ('57','Vĩnh Long','7');
INSERT INTO Province (province_code,province_name,er_code) values ('58','Trà Vinh','7');
INSERT INTO Province (province_code,province_name,er_code) values ('59','Sóc Trăng','3');
INSERT INTO Province (province_code,province_name,er_code) values ('60','Bạc Liêu','5');
INSERT INTO Province (province_code,province_name,er_code) values ('61','Cà Mau','7');
INSERT INTO Province (province_code,province_name,er_code) values ('62','Điện Biên','3');
INSERT INTO Province (province_code,province_name,er_code) values ('63','Đăk Nông','3');
INSERT INTO Province (province_code,province_name,er_code) values ('64','Hậu Giang','3');


INSERT INTO Block_info (block_id,block_name) values ('A00','Khối A00 (Toán, Lý, Hóa)');
INSERT INTO Block_info (block_id,block_name) values ('A01','Khối A01 (Toán, Lý, Anh)');
INSERT INTO Block_info (block_id,block_name) values ('B00','Khối B00 (Toán, Hóa, Sinh)');
INSERT INTO Block_info (block_id,block_name) values ('C00','Khối C00 (Ngữ Văn, Lịch Sử, Địa Lý)');
INSERT INTO Block_info (block_id,block_name) values ('D01','Khối D01 (Toán, Ngữ Văn, Anh)');

INSERT INTO Subject_info (subject_id,subject_name,subject_group) values ('Toan','Toán','BB');
INSERT INTO Subject_info (subject_id,subject_name,subject_group) values ('Ly','Vật Lý','KHTN');
INSERT INTO Subject_info (subject_id,subject_name,subject_group) values ('Hoa','Hóa Học','KHTN');
INSERT INTO Subject_info (subject_id,subject_name,subject_group) values ('Anh','Tiếng Anh','BB');
INSERT INTO Subject_info (subject_id,subject_name,subject_group) values ('Sinh','Sinh Học','KHTN');
INSERT INTO Subject_info (subject_id,subject_name,subject_group) values ('Van','Ngữ Văn','BB');
INSERT INTO Subject_info (subject_id,subject_name,subject_group) values ('Su','Lịch Sử','KHXH');
INSERT INTO Subject_info (subject_id,subject_name,subject_group) values ('Dia','Địa Lý','KHXH');
INSERT INTO Subject_info (subject_id,subject_name,subject_group) values ('GDCD','Giáo dục Công dân','KHXH');

INSERT INTO Block_Subject (block_id,subject_id) values ('A00','Toan');
INSERT INTO Block_Subject (block_id,subject_id) values ('A00','Ly');
INSERT INTO Block_Subject (block_id,subject_id) values ('A00','Hoa');
INSERT INTO Block_Subject (block_id,subject_id) values ('A01','Toan');
INSERT INTO Block_Subject (block_id,subject_id) values ('A01','Ly');
INSERT INTO Block_Subject (block_id,subject_id) values ('A01','Anh');
INSERT INTO Block_Subject (block_id,subject_id) values ('B00','Toan');
INSERT INTO Block_Subject (block_id,subject_id) values ('B00','Hoa');
INSERT INTO Block_Subject (block_id,subject_id) values ('B00','Sinh');
INSERT INTO Block_Subject (block_id,subject_id) values ('C00','Van');
INSERT INTO Block_Subject (block_id,subject_id) values ('C00','Su');
INSERT INTO Block_Subject (block_id,subject_id) values ('C00','Dia');
INSERT INTO Block_Subject (block_id,subject_id) values ('D01','Toan');
INSERT INTO Block_Subject (block_id,subject_id) values ('D01','Van');
INSERT INTO Block_Subject (block_id,subject_id) values ('D01','Anh');
